{
  "sound_classes": [
    "air_conditioner",
    "car_horn",
    "children_playing",
    "dog_bark",
    "drilling",
    "engine_idling",
    "gun_shot",
    "jackhammer",
    "siren",
    "street_music"
  ],
  "num_classes": 10,
  "fingerprints": {
    "air_conditioner": [
      -228.01853942871094,
      121.8165512084961,
      -2.5520594120025635,
      20.104921340942383,
      3.7552857398986816,
      11.207374572753906,
      1.184192419052124,
      8.098186492919922,
      0.24138908088207245,
      4.873591899871826,
      -0.6741026043891907,
      2.730733871459961,
      -1.697218656539917
    ],
    "car_horn": [
      -191.56072998046875,
      104.0746078491211,
      -36.17888259887695,
      21.954647064208984,
      -6.094535827636719,
      -1.8310105800628662,
      3.5931897163391113,
      4.167477130889893,
      -10.473092079162598,
      5.253692150115967,
      -4.600343704223633,
      -2.092665910720825,
      -4.383904933929443
    ],
    "children_playing": [
      -288.6562805175781,
      110.81285095214844,
      -29.701313018798828,
      18.39110565185547,
      -5.216500759124756,
      6.559640407562256,
      0.38983023166656494,
      1.3122167587280273,
      0.9882804155349731,
      2.068481206893921,
      -2.0469307899475098,
      4.667308807373047,
      -0.7378712296485901
    ],
    "dog_bark": [
      -325.1805114746094,
      113.87779235839844,
      -21.37293243408203,
      -6.639287948608398,
      -9.885244369506836,
      -1.3907699584960938,
      -6.992579460144043,
      -0.11343774199485779,
      -2.536679267883301,
      1.408851146697998,
      -0.232499897480011,
      2.995631217956543,
      0.13066256046295166
    ],
    "drilling": [
      -136.39979553222656,
      53.39457702636719,
      -26.48154067993164,
      8.043922424316406,
      -9.887996673583984,
      1.8929585218429565,
      -5.168276309967041,
      1.3547494411468506,
      -4.447649955749512,
      0.9804338216781616,
      -5.059938907623291,
      1.9379316568374634,
      -4.696496486663818
    ],
    "engine_idling": [
      -205.3489227294922,
      122.39924621582031,
      -6.773324489593506,
      24.897167205810547,
      -0.6884531378746033,
      15.89208698272705,
      3.2707560062408447,
      9.641636848449707,
      0.7650336623191833,
      5.590706825256348,
      0.5825609564781189,
      4.591869354248047,
      -0.13306774199008942
    ],
    "gun_shot": [
      -248.9669189453125,
      98.20960235595703,
      -24.184587478637695,
      6.2821044921875,
      -11.190834045410156,
      1.1840176582336426,
      -5.622929096221924,
      2.562577962875366,
      -3.5308728218078613,
      1.5359257459640503,
      -1.951530933380127,
      2.398285150527954,
      -0.4036908447742462
    ],
    "jackhammer": [
      -115.1955795288086,
      75.3089828491211,
      -8.260202407836914,
      18.316068649291992,
      -5.892931938171387,
      12.611797332763672,
      -3.065675973892212,
      7.044948577880859,
      -5.9772491455078125,
      3.1947317123413086,
      -4.0402445793151855,
      2.732621431350708,
      -6.0472283363342285
    ],
    "siren": [
      -297.64056396484375,
      133.47669982910156,
      -38.989906311035156,
      -3.1320903301239014,
      -9.964823722839355,
      12.447324752807617,
      10.29828929901123,
      11.104645729064941,
      -3.1755356788635254,
      5.724162578582764,
      2.238224983215332,
      3.0862834453582764,
      -4.036821365356445
    ],
    "street_music": [
      -218.50958251953125,
      126.82197570800781,
      -17.718538284301758,
      17.81110382080078,
      -3.812664270401001,
      3.103470802307129,
      -5.226736545562744,
      -0.3988052010536194,
      -5.7060227394104,
      1.0077074766159058,
      -5.261311054229736,
      0.15363416075706482,
      -4.574906349182129
    ]
  },
  "overall_accuracy": 0.19977103606182026,
  "class_accuracies": {
    "air_conditioner": 3.0,
    "car_horn": 31.3953488372093,
    "children_playing": 3.5000000000000004,
    "dog_bark": 19.5,
    "drilling": 31.5,
    "engine_idling": 18.0,
    "gun_shot": 4.0,
    "jackhammer": 66.0,
    "siren": 6.451612903225806,
    "street_music": 12.0
  },
  "training_date": "2025-10-28 21:17:17",
  "model_type": "multi_class_neuromorphic_detector"
}