{
  "target_class": "siren",
  "fingerprint": [
    -294.6031494140625,
    132.72508239746094,
    -39.44674301147461,
    -3.0537381172180176,
    -10.147439002990723,
    11.835211753845215,
    10.111616134643555,
    11.374157905578613,
    -2.745248317718506,
    5.726028919219971,
    2.2992448806762695,
    3.466853618621826,
    -3.7097625732421875
  ],
  "optimal_thresholds": {
    "energy_threshold": 0.02,
    "match_threshold": 3000,
    "validation_accuracy": 0.4636363636363636
  },
  "test_metrics": {
    "accuracy": 0.7265625,
    "precision": 0.7265625,
    "recall": 1.0,
    "f1_score": 0.8416289592760181
  },
  "training_date": "2025-10-28 21:08:06"
}